                  epoch,         train/box_loss,         train/seg_loss,         train/cls_loss,         train/dfl_loss,   metrics/precision(B),      metrics/recall(B),       metrics/mAP50(B),    metrics/mAP50-95(B),   metrics/precision(M),      metrics/recall(M),       metrics/mAP50(M),    metrics/mAP50-95(M),           val/box_loss,           val/seg_loss,           val/cls_loss,           val/dfl_loss,                 lr/pg0,                 lr/pg1,                 lr/pg2
                      0,                 1.1124,                 2.0169,                  1.387,                 1.1097,                0.70117,                0.57966,                0.60925,                0.45337,                0.70768,                0.55552,                0.59057,                0.41383,                 0.9052,                    nan,                0.95891,                 1.0242,               0.070056,              0.0033271,              0.0033271
                      1,                0.98483,                 1.6572,                0.94473,                 1.0078,                0.65378,                0.54823,                0.57409,                0.41894,                0.64395,                0.54213,                0.55944,                0.38626,                0.95739,                    nan,                 1.0466,                  1.025,               0.040023,              0.0066274,              0.0066274
                      2,                 1.0282,                   1.69,                0.96713,                 1.0203,                0.60332,                0.50279,                0.51079,                  0.356,                0.55601,                0.51703,                 0.4893,                0.31906,                 1.0628,                    nan,                   1.37,                 1.0827,              0.0099575,              0.0098948,              0.0098948
                      3,                 1.0641,                 1.7193,                0.97469,                 1.0355,                0.68075,                0.53388,                0.57703,                0.41968,                0.67814,                0.52671,                0.56307,                0.37444,                0.99102,                    nan,                 1.0985,                 1.0533,              0.0098515,              0.0098515,              0.0098515
                      4,                 1.0313,                 1.6531,                0.92214,                 1.0231,                0.64482,                0.58229,                0.55524,                0.39597,                0.64548,                 0.5701,                0.54209,                0.36791,                0.98158,                    nan,                 1.0187,                 1.0579,              0.0098515,              0.0098515,              0.0098515
                      5,                 1.0039,                 1.5927,                0.87194,                  1.011,                0.73298,                0.58956,                0.64036,                0.46892,                0.72791,                0.56759,                0.61691,                0.43178,                0.93526,                    nan,                0.89782,                 1.0426,               0.009802,               0.009802,               0.009802
                      6,                0.98439,                 1.5441,                0.84495,                 1.0059,                0.71653,                0.58911,                0.63055,                0.46198,                0.70618,                0.58193,                0.61559,                0.43306,                 0.9559,                    nan,                0.88675,                 1.0443,              0.0097525,              0.0097525,              0.0097525
                      7,                0.96819,                 1.5014,                0.81133,                0.99292,                0.72604,                0.59555,                0.64503,                0.48135,                0.72142,                 0.5848,                0.62626,                0.43812,                0.92386,                    nan,                0.85217,                 1.0319,               0.009703,               0.009703,               0.009703
                      8,                0.94945,                 1.4819,                0.78818,                0.98704,                0.74735,                0.59484,                0.64154,                0.47437,                0.73343,                0.58587,                0.62709,                0.43394,                0.91382,                    nan,                0.90914,                 1.0245,              0.0096535,              0.0096535,              0.0096535
                      9,                0.93688,                 1.4548,                 0.7663,                0.98314,                0.78623,                0.60703,                0.67179,                0.49591,                0.78402,                 0.5896,                0.64669,                0.45316,                0.90258,                    nan,                0.81591,                 1.0119,               0.009604,               0.009604,               0.009604
                     10,                0.91876,                 1.4215,                0.74779,                0.97421,                0.73168,                0.59771,                 0.6513,                0.48812,                0.73141,                0.58049,                0.63204,                 0.4445,                0.91294,                    nan,                0.85143,                 1.0247,              0.0095545,              0.0095545,              0.0095545
                     11,                0.91069,                 1.4176,                0.72933,                0.96971,                0.79227,                0.63452,                0.67901,                0.50385,                0.77542,                0.61527,                0.65465,                0.45698,                  0.887,                    nan,                 0.7944,                 1.0054,               0.009505,               0.009505,               0.009505
                     12,                0.90029,                 1.4138,                0.72136,                0.96634,                0.79197,                0.61241,                0.67499,                 0.5085,                 0.8028,                0.59699,                0.66314,                0.46853,                0.89158,                    nan,                0.78848,                 1.0186,              0.0094555,              0.0094555,              0.0094555
                     13,                0.89754,                 1.3742,                0.70236,                0.96301,                0.76466,                0.63841,                0.67035,                0.50513,                0.78709,                0.60488,                0.65291,                0.46342,                0.87637,                    nan,                0.78783,                 1.0133,               0.009406,               0.009406,               0.009406
                     14,                0.87592,                 1.3505,                 0.6771,                0.95552,                0.79973,                0.65004,                0.70094,                0.52451,                0.76429,                0.64291,                0.68212,                0.48118,                0.88708,                    nan,                0.75182,                 1.0171,              0.0093565,              0.0093565,              0.0093565
                     15,                0.86972,                 1.3377,                 0.6742,                0.95423,                0.79702,                0.65326,                0.70828,                  0.528,                0.78259,                0.63822,                0.68062,                0.48382,                0.88965,                    nan,                0.73699,                  1.008,               0.009307,               0.009307,               0.009307
                     16,                 0.8653,                 1.3272,                0.66563,                0.95116,                0.79489,                0.65446,                  0.712,                0.53321,                0.78994,                0.64182,                0.68963,                 0.4875,                0.86527,                    nan,                0.74587,                  1.001,              0.0092575,              0.0092575,              0.0092575
                     17,                0.85759,                 1.3095,                0.65109,                0.94834,                0.81686,                0.68126,                0.71959,                0.54054,                0.79644,                 0.6583,                0.69837,                0.49237,                0.85811,                    nan,                0.70508,                0.99555,               0.009208,               0.009208,               0.009208
                     18,                0.84712,                 1.2935,                0.63751,                0.94459,                0.80523,                0.67742,                0.71678,                0.53562,                 0.7938,                0.65471,                0.69035,                0.48886,                0.86262,                    nan,                0.71771,                 0.9968,              0.0091585,              0.0091585,              0.0091585
                     19,                 0.8399,                 1.2722,                0.63258,                0.94312,                0.82022,                0.65328,                0.72767,                 0.5459,                0.81083,                0.63778,                 0.7057,                 0.5045,                 0.8472,                    nan,                0.70455,                0.98946,               0.009109,               0.009109,               0.009109
                     20,                0.84033,                 1.2744,                0.62759,                0.94035,                0.80691,                0.65722,                 0.7121,                0.53651,                0.78759,                0.63428,                0.68606,                0.48682,                0.85129,                    nan,                0.71076,                0.98914,              0.0090595,              0.0090595,              0.0090595
                     21,                0.83288,                 1.2591,                0.61291,                0.93741,                0.81517,                0.68734,                0.73761,                0.55779,                0.81042,                0.66368,                0.71873,                0.51359,                0.83957,                    nan,                0.68227,                0.98362,                0.00901,                0.00901,                0.00901
                     22,                0.82703,                 1.2428,                0.60698,                0.93488,                0.84477,                0.68447,                0.73753,                0.56577,                0.83443,                0.65794,                0.72478,                0.51862,                 0.8218,                    nan,                0.66054,                0.97549,              0.0089605,              0.0089605,              0.0089605
                     23,                0.82029,                 1.2412,                0.59889,                0.93466,                0.82162,                0.67379,                0.72704,                0.55584,                0.80906,                0.66045,                0.69908,                 0.5054,                0.81684,                    nan,                0.67436,                0.97464,               0.008911,               0.008911,               0.008911
                     24,                0.81539,                 1.2292,                0.59573,                0.93305,                0.83472,                0.67587,                0.72813,                0.55932,                0.83056,                0.66434,                0.70842,                0.50965,                0.81058,                    nan,                0.67639,                0.96289,              0.0088615,              0.0088615,              0.0088615
                     25,                 0.8144,                  1.218,                0.58576,                 0.9293,                0.84341,                0.69021,                0.74711,                0.57568,                0.83588,                0.67372,                0.73275,                0.52447,                0.80078,                    nan,                0.64228,                0.95367,               0.008812,               0.008812,               0.008812
                     26,                0.80665,                  1.211,                0.58162,                0.92824,                0.85253,                0.70133,                0.75106,                0.58166,                0.84823,                0.67874,                0.72872,                0.52714,                0.80494,                    nan,                0.64615,                0.96574,              0.0087625,              0.0087625,              0.0087625
                     27,                0.80525,                 1.2101,                0.57556,                0.92518,                0.82913,                0.70384,                0.75152,                0.57898,                0.83247,                0.67659,                0.72956,                 0.5237,                0.79825,                    nan,                0.61594,                0.96493,               0.008713,               0.008713,               0.008713
                     28,                0.80638,                 1.2066,                 0.5747,                0.92543,                0.81669,                0.70605,                0.74923,                 0.5771,                0.81769,                0.68089,                0.73008,                0.52355,                0.80753,                    nan,                0.63381,                0.95635,              0.0086635,              0.0086635,              0.0086635
                     29,                0.79836,                 1.1905,                0.56902,                0.92556,                 0.8409,                0.69172,                0.75298,                0.58147,                0.83613,                0.67121,                0.73024,                0.52664,                0.80587,                    nan,                0.63439,                0.96896,               0.008614,               0.008614,               0.008614
                     30,                0.79139,                 1.1893,                0.55881,                0.92106,                0.84632,                0.69111,                0.75655,                 0.5852,                0.83349,                0.67695,                0.73995,                0.53708,                 0.7966,                    nan,                0.62339,                0.95255,              0.0085645,              0.0085645,              0.0085645
                     31,                0.78835,                 1.1841,                0.55345,                0.92005,                0.83465,                0.72822,                0.76476,                 0.5935,                0.84008,                0.68627,                0.74288,                0.53443,                0.78536,                    nan,                0.60159,                0.95067,               0.008515,               0.008515,               0.008515
                     32,                0.78261,                 1.1622,                0.55295,                0.91733,                0.82827,                0.72457,                0.75897,                0.59103,                0.82137,                0.69667,                0.73996,                0.54098,                0.78441,                    nan,                0.60362,                0.95686,              0.0084655,              0.0084655,              0.0084655
                     33,                  0.778,                  1.161,                 0.5476,                0.91557,                0.82406,                0.70599,                0.75372,                0.58885,                0.83957,                0.67551,                0.74061,                0.53557,                0.77789,                    nan,                0.60805,                 0.9498,               0.008416,               0.008416,               0.008416
                     34,                0.77264,                 1.1566,                0.54339,                0.91507,                0.82787,                0.70778,                0.74965,                0.58461,                0.83641,                0.67981,                0.73266,                0.53025,                0.78315,                    nan,                0.61388,                0.95957,              0.0083665,              0.0083665,              0.0083665
                     35,                0.77371,                 1.1562,                0.53976,                0.91485,                0.86159,                0.68698,                0.75369,                0.59082,                0.85357,                0.67927,                0.73798,                 0.5403,                 0.7786,                    nan,                0.60896,                0.95125,               0.008317,               0.008317,               0.008317
                     36,                0.76713,                 1.1482,                0.53287,                0.91313,                 0.8646,                0.72714,                0.77483,                0.60189,                0.85619,                0.69953,                0.75366,                0.55502,                0.77841,                    nan,                0.58232,                0.95342,              0.0082675,              0.0082675,              0.0082675
                     37,                0.76436,                 1.1388,                0.52716,                 0.9112,                 0.8361,                0.72929,                0.77067,                0.60509,                0.84694,                0.69836,                0.75408,                0.55733,                0.78094,                    nan,                0.58983,                0.96345,               0.008218,               0.008218,               0.008218
                     38,                0.76264,                 1.1286,                0.52735,                0.91005,                0.86173,                0.70276,                0.76426,                0.60142,                0.85324,                0.69021,                0.74702,                0.54601,                0.77499,                    nan,                0.58982,                0.95499,              0.0081685,              0.0081685,              0.0081685
                     39,                0.76143,                 1.1202,                0.52313,                 0.9109,                0.84984,                0.72441,                0.77063,                0.60589,                 0.8503,                0.69243,                0.74768,                0.54406,                0.76904,                    nan,                0.57498,                0.96056,               0.008119,               0.008119,               0.008119
                     40,                0.75009,                  1.123,                0.51886,                0.90902,                0.85725,                0.71701,                0.77307,                0.61018,                  0.846,                0.69531,                0.75169,                0.55513,                0.75907,                    nan,                 0.5776,                0.94499,              0.0080695,              0.0080695,              0.0080695
                     41,                0.74926,                 1.1053,                0.51315,                0.90714,                0.86641,                0.72784,                0.77893,                0.61604,                0.85694,                0.70233,                0.75275,                0.55339,                  0.761,                    nan,                 0.5582,                0.94508,                0.00802,                0.00802,                0.00802
                     42,                0.74986,                 1.1155,                0.51468,                0.90631,                0.86797,                 0.7171,                0.77881,                 0.6166,                0.86269,                0.68934,                0.75546,                0.55427,                 0.7698,                    nan,                0.56558,                0.95469,              0.0079705,              0.0079705,              0.0079705
                     43,                0.74418,                 1.0983,                 0.5091,                0.90382,                 0.8586,                0.74364,                0.78683,                0.62209,                0.86241,                0.69882,                0.76268,                0.56369,                0.75185,                    nan,                0.54999,                0.94797,               0.007921,               0.007921,               0.007921
                     44,                0.74351,                 1.1017,                0.50834,                0.90213,                0.86419,                0.73008,                0.78402,                0.62155,                0.85072,                0.70701,                0.76225,                0.56456,                0.75071,                    nan,                0.55928,                0.94099,              0.0078715,              0.0078715,              0.0078715
                     45,                0.74071,                  1.098,                  0.504,                0.90367,                 0.8514,                 0.7293,                0.77929,                0.61501,                0.84234,                0.69523,                0.75846,                0.55992,                0.75508,                    nan,                0.56516,                0.94021,               0.007822,               0.007822,               0.007822
                     46,                0.73672,                 1.0896,                0.50139,                0.90239,                0.86734,                 0.7455,                0.78927,                0.62378,                0.87254,                0.70491,                0.76792,                0.56657,                0.74755,                    nan,                0.53482,                 0.9412,              0.0077725,              0.0077725,              0.0077725
                     47,                0.73337,                 1.0766,                0.49815,                0.90132,                0.86182,                0.74364,                0.78576,                0.62555,                0.84935,                0.71761,                0.76884,                 0.5711,                0.73761,                    nan,                0.54478,                0.93501,               0.007723,               0.007723,               0.007723
                     48,                0.73119,                 1.0737,                0.49648,                0.89967,                0.86352,                0.74183,                0.78151,                 0.6219,                0.85878,                0.71298,                0.76377,                0.56047,                0.73865,                    nan,                0.55117,                0.93708,              0.0076735,              0.0076735,              0.0076735
                     49,                 0.7264,                 1.0731,                0.49179,                0.89873,                0.88293,                0.73282,                0.78866,                0.62855,                0.88014,                  0.703,                0.76718,                0.57075,                0.73035,                    nan,                0.54326,                0.92495,               0.007624,               0.007624,               0.007624
                     50,                0.72755,                 1.0767,                0.48929,                0.89788,                0.84834,                0.75152,                0.78448,                0.62281,                0.83296,                0.72232,                0.76591,                0.56252,                 0.7367,                    nan,                0.54955,                0.94052,              0.0075745,              0.0075745,              0.0075745
                     51,                 0.7274,                 1.0705,                0.49175,                 0.8968,                 0.8677,                0.74686,                0.78888,                0.62611,                 0.8529,                0.71997,                0.76764,                0.56704,                0.73568,                    nan,                0.53739,                0.93216,               0.007525,               0.007525,               0.007525
                     52,                0.71875,                 1.0555,                0.48727,                 0.8972,                0.87741,                0.74399,                0.79696,                0.63302,                0.86509,                0.71731,                 0.7736,                0.57205,                0.72995,                    nan,                0.52234,                 0.9294,              0.0074755,              0.0074755,              0.0074755
                     53,                0.71967,                  1.059,                0.48404,                0.89629,                0.86864,                0.73897,                0.79112,                0.63322,                0.87039,                0.71208,                0.77096,                 0.5724,                0.72884,                    nan,                0.52426,                0.93591,               0.007426,               0.007426,               0.007426
                     54,                0.71624,                 1.0579,                0.48213,                0.89705,                0.86601,                0.73144,                0.78638,                0.63061,                0.85723,                 0.7171,                0.76899,                0.57317,                0.73343,                    nan,                0.53151,                0.94076,              0.0073765,              0.0073765,              0.0073765
                     55,                 0.7139,                 1.0414,                0.47905,                0.89383,                0.86549,                0.74364,                0.79273,                 0.6362,                0.85898,                0.72176,                 0.7743,                0.57494,                0.72866,                    nan,                0.51904,                0.93138,               0.007327,               0.007327,               0.007327
                     56,                0.71237,                   1.04,                0.47464,                 0.8933,                0.85718,                0.75117,                0.79245,                 0.6382,                0.87588,                0.71316,                0.77206,                0.57548,                0.72562,                    nan,                0.51662,                 0.9313,              0.0072775,              0.0072775,              0.0072775
                     57,                0.71092,                 1.0375,                0.47339,                0.89299,                0.86408,                0.74538,                0.78923,                0.63662,                0.86366,                0.71321,                0.76425,                0.57053,                0.71676,                    nan,                0.52319,                0.92557,               0.007228,               0.007228,               0.007228
                     58,                0.70811,                 1.0448,                0.47205,                0.89185,                0.86739,                0.73862,                0.79319,                0.63882,                0.87477,                0.70957,                0.77336,                0.57534,                0.72435,                    nan,                0.51792,                  0.932,              0.0071785,              0.0071785,              0.0071785
                     59,                0.70966,                  1.038,                0.47414,                  0.894,                0.85672,                0.75188,                 0.7933,                0.63844,                0.86732,                0.72033,                0.77872,                0.57772,                0.71435,                    nan,                0.51368,                0.92526,               0.007129,               0.007129,               0.007129
                     60,                0.70579,                 1.0347,                0.46587,                0.89107,                0.87861,                0.74866,                0.79815,                0.64177,                0.87362,                0.72571,                0.78368,                0.58208,                0.71281,                    nan,                 0.4993,                0.91859,              0.0070795,              0.0070795,              0.0070795
                     61,                0.70447,                 1.0394,                0.46791,                0.89108,                0.87102,                0.75152,                0.79748,                0.64128,                0.85794,                0.73037,                0.78314,                0.58059,                0.71269,                    nan,                 0.5031,                0.91943,                0.00703,                0.00703,                0.00703
                     62,                0.69864,                 1.0221,                0.46394,                0.88928,                0.87622,                0.74758,                0.79677,                0.64193,                0.86948,                 0.7232,                0.78048,                0.58111,                0.70832,                    nan,                0.50293,                0.91968,              0.0069805,              0.0069805,              0.0069805
                     63,                0.69242,                 1.0112,                0.45661,                0.88571,                0.87618,                0.75869,                 0.7992,                0.64309,                0.87234,                0.72463,                0.78393,                0.58173,                0.71058,                    nan,                0.49412,                0.91666,               0.006931,               0.006931,               0.006931
                     64,                0.68992,                 1.0124,                0.45829,                0.88755,                0.88234,                0.75285,                0.79944,                0.64638,                0.87731,                 0.7256,                0.78435,                0.58482,                0.70769,                    nan,                0.49407,                 0.9192,              0.0068815,              0.0068815,              0.0068815
                     65,                0.68999,                 1.0067,                0.45401,                0.88647,                0.88586,                0.74854,                0.80066,                0.64837,                0.88342,                 0.7232,                0.78362,                0.58552,                0.70674,                    nan,                0.49319,                0.91907,               0.006832,               0.006832,               0.006832
                     66,                0.68955,                 1.0055,                0.45618,                0.88662,                0.89222,                0.74866,                0.80048,                0.64701,                0.87356,                0.73252,                0.78272,                0.58442,                0.70837,                    nan,                0.49718,                0.91676,              0.0067825,              0.0067825,              0.0067825
                     67,                0.68878,                 1.0041,                0.45529,                0.88675,                0.89783,                0.74992,                0.80334,                0.64924,                0.88857,                0.73197,                 0.7895,                0.59054,                0.69718,                    nan,                0.48505,                0.90872,               0.006733,               0.006733,               0.006733
                     68,                0.68236,                0.99734,                0.45072,                0.88469,                0.87946,                0.75403,                0.80103,                0.64857,                0.86123,                 0.7379,                0.78577,                0.58936,                0.70105,                    nan,                 0.4958,                 0.9138,              0.0066835,              0.0066835,              0.0066835
                     69,                0.68629,                 1.0048,                0.45184,                0.88364,                0.88501,                0.75869,                0.80596,                0.65042,                0.86502,                0.73762,                0.78435,                0.58743,                0.69645,                    nan,                 0.4826,                0.90886,               0.006634,               0.006634,               0.006634
                     70,                0.68068,                0.99873,                0.44762,                0.88322,                0.87307,                0.76207,                0.80802,                 0.6561,                 0.8894,                 0.7189,                0.78779,                0.59005,                 0.6914,                    nan,                0.48486,                0.90887,              0.0065845,              0.0065845,              0.0065845
                     71,                0.68118,                      1,                0.44866,                0.88349,                0.86489,                0.77118,                0.81293,                0.65798,                 0.8594,                0.73539,                0.79242,                0.59282,                0.69547,                    nan,                  0.485,                0.91031,               0.006535,               0.006535,               0.006535
                     72,                0.67531,                0.98517,                0.44262,                0.88149,                 0.8867,                0.76045,                0.81391,                  0.661,                0.86983,                0.73969,                0.79724,                0.59758,                0.69238,                    nan,                0.47371,                0.91082,              0.0064855,              0.0064855,              0.0064855
                     73,                0.67442,                 1.0004,                0.44473,                0.88159,                0.88459,                0.75576,                0.81087,                0.65908,                0.89102,                0.72643,                0.79714,                0.59988,                0.69138,                    nan,                 0.4769,                0.91069,               0.006436,               0.006436,               0.006436
                     74,                0.67388,                0.97401,                0.44236,                0.87991,                0.87812,                0.76228,                0.80701,                0.65433,                0.87059,                0.73933,                0.79189,                0.59608,                0.69357,                    nan,                0.47941,                0.91176,              0.0063865,              0.0063865,              0.0063865
                     75,                0.67183,                0.97627,                 0.4394,                0.88053,                0.88986,                 0.7561,                0.80904,                0.65613,                0.87566,                0.74041,                  0.793,                0.59666,                0.69022,                    nan,                0.47552,                0.90807,               0.006337,               0.006337,               0.006337
                     76,                0.67052,                0.97115,                0.43568,                0.87888,                0.87907,                0.76109,                0.80824,                0.65609,                0.89163,                0.72607,                0.79219,                0.59507,                0.69014,                    nan,                0.47607,                0.90738,              0.0062875,              0.0062875,              0.0062875
                     77,                0.67058,                0.97951,                0.44062,                0.87982,                0.88347,                0.75869,                0.80845,                0.65696,                0.85683,                0.73933,                0.78916,                0.59566,                0.68823,                    nan,                0.47335,                0.90842,               0.006238,               0.006238,               0.006238
                     78,                0.66878,                0.97542,                0.43593,                0.88113,                0.88649,                0.75885,                0.80871,                0.65639,                0.86978,                0.73754,                0.79106,                0.59622,                0.68553,                    nan,                0.47305,                 0.9056,              0.0061885,              0.0061885,              0.0061885
                     79,                0.66798,                0.96871,                0.43658,                0.87935,                0.88199,                0.76372,                0.81114,                0.65997,                0.88044,                0.72894,                0.79367,                0.59818,                0.68255,                    nan,                0.46841,                0.90417,               0.006139,               0.006139,               0.006139
                     80,                0.65933,                0.96515,                0.43089,                0.87851,                0.88429,                0.76587,                0.81545,                0.66516,                0.86632,                0.73893,                0.79579,                0.59989,                0.67933,                    nan,                0.45942,                0.90243,              0.0060895,              0.0060895,              0.0060895
                     81,                0.66095,                0.95569,                 0.4302,                0.87653,                0.87268,                0.76921,                0.81651,                0.66634,                0.89932,                0.71925,                0.79564,                0.60106,                0.67902,                    nan,                  0.456,                 0.9027,                0.00604,                0.00604,                0.00604
                     82,                0.65804,                0.96213,                0.42751,                0.87599,                0.88138,                0.76551,                0.81799,                0.66741,                0.87687,                 0.7354,                0.79463,                0.60211,                0.67809,                    nan,                0.45364,                0.90408,              0.0059905,              0.0059905,              0.0059905
                     83,                0.65412,                0.95496,                0.42595,                0.87675,                0.89524,                0.76515,                0.81792,                0.66704,                0.88667,                0.73214,                0.79432,                0.60071,                0.67131,                    nan,                0.45588,                0.89954,               0.005941,               0.005941,               0.005941
                     84,                0.65647,                0.95563,                0.42629,                0.87667,                0.90368,                0.75619,                0.81739,                0.66807,                0.89385,                0.73252,                 0.7942,                0.60208,                 0.6687,                    nan,                0.45535,                0.89901,              0.0058915,              0.0058915,              0.0058915
                     85,                0.65657,                 0.9539,                0.42462,                0.87574,                0.89595,                0.76569,                0.81731,                0.66996,                0.88657,                0.73701,                0.79414,                0.60558,                  0.667,                    nan,                0.45535,                0.90018,               0.005842,               0.005842,               0.005842
                     86,                0.65207,                0.95326,                 0.4262,                0.87565,                0.88755,                0.76974,                0.81984,                0.67214,                0.88542,                0.74148,                0.80021,                0.60747,                0.66819,                    nan,                0.45045,                0.90203,              0.0057925,              0.0057925,              0.0057925
                     87,                0.65112,                0.95222,                 0.4231,                0.87568,                0.89118,                0.76637,                0.81929,                0.67036,                0.88793,                0.74148,                0.80072,                 0.6071,                0.66841,                    nan,                0.45054,                0.90319,               0.005743,               0.005743,               0.005743
                     88,                0.65382,                0.94723,                0.42498,                0.87615,                0.89297,                0.76286,                0.81981,                0.67156,                0.88209,                0.74292,                0.80322,                0.60779,                0.66651,                    nan,                0.45331,                0.90171,              0.0056935,              0.0056935,              0.0056935
                     89,                0.64885,                0.93118,                0.42011,                0.87313,                0.87952,                0.77304,                0.82045,                0.67194,                 0.8717,                0.74758,                0.80212,                0.60733,                0.66718,                    nan,                0.45283,                0.90054,               0.005644,               0.005644,               0.005644
                     90,                0.64739,                0.93802,                0.42083,                0.87293,                 0.8797,                0.77698,                0.82019,                0.67328,                0.87646,                0.74789,                0.80476,                0.61042,                0.66474,                    nan,                0.45115,                0.89914,              0.0055945,              0.0055945,              0.0055945
                     91,                0.64786,                0.93482,                0.41745,                0.87308,                0.87598,                0.77746,                0.82215,                0.67543,                0.87096,                0.75296,                0.80666,                0.61185,                0.66535,                    nan,                 0.4495,                0.89949,               0.005545,               0.005545,               0.005545
                     92,                0.64321,                0.93422,                0.41451,                0.87274,                0.88472,                0.76771,                0.82077,                 0.6761,                0.87888,                0.74931,                0.80561,                0.61046,                0.66503,                    nan,                0.45121,                0.89947,              0.0054955,              0.0054955,              0.0054955
                     93,                0.64318,                0.92914,                0.41603,                0.87137,                0.87879,                0.76945,                0.82148,                0.67686,                0.88166,                0.74797,                0.80665,                0.61054,                0.66022,                    nan,                0.44737,                0.89655,               0.005446,               0.005446,               0.005446
                     94,                0.64102,                0.92745,                0.41542,                0.87071,                0.88495,                0.76945,                0.82096,                0.67662,                0.88679,                0.73897,                0.80563,                0.61031,                0.65774,                    nan,                0.44525,                0.89402,              0.0053965,              0.0053965,              0.0053965
                     95,                0.63508,                0.92417,                 0.4128,                0.86949,                0.87513,                0.77897,                0.82149,                0.67731,                0.88833,                0.74256,                0.80932,                0.61137,                0.65494,                    nan,                0.44283,                0.89142,               0.005347,               0.005347,               0.005347
                     96,                0.63847,                0.92207,                0.41109,                 0.8699,                0.88309,                0.77949,                0.82062,                0.67741,                0.87123,                  0.752,                0.80617,                0.61032,                0.65503,                    nan,                0.44478,                0.89167,              0.0052975,              0.0052975,              0.0052975
                     97,                 0.6319,                0.92537,                0.40966,                0.87023,                0.88459,                0.77411,                0.82017,                0.67694,                0.87782,                0.75009,                0.80612,                0.60822,                 0.6548,                    nan,                0.44327,                 0.8915,               0.005248,               0.005248,               0.005248
                     98,                0.63132,                0.91487,                  0.406,                0.86962,                0.88094,                 0.7734,                0.82008,                 0.6773,                 0.8824,                0.74758,                0.80575,                0.60873,                0.65435,                    nan,                0.44287,                0.89167,              0.0051985,              0.0051985,              0.0051985
                     99,                0.63001,                0.92519,                 0.4055,                 0.8685,                0.88319,                0.77264,                0.82011,                0.67779,                0.88328,                0.74866,                0.80315,                 0.6071,                0.65549,                    nan,                0.44431,                0.89334,               0.005149,               0.005149,               0.005149
                    100,                0.63185,                0.91713,                 0.4078,                 0.8689,                0.88681,                0.77535,                0.81961,                0.67769,                0.87648,                0.75081,                0.80202,                0.60919,                0.65597,                    nan,                0.44456,                0.89361,              0.0050995,              0.0050995,              0.0050995
                    101,                0.62856,                0.91004,                0.40626,                0.86865,                0.88967,                0.77447,                0.81936,                0.67796,                0.87796,                0.75296,                0.80253,                0.61129,                0.65585,                    nan,                0.44421,                0.89444,                0.00505,                0.00505,                0.00505
                    102,                0.62558,                0.91046,                0.40326,                0.86707,                0.88999,                0.77155,                0.81978,                0.67833,                0.88074,                0.75198,                0.80668,                0.61216,                0.65623,                    nan,                 0.4438,                0.89459,              0.0050005,              0.0050005,              0.0050005
                    103,                 0.6263,                0.90714,                0.40141,                0.86689,                0.88643,                0.77241,                0.82028,                0.67843,                0.88155,                0.75224,                0.80672,                0.61212,                0.65688,                    nan,                0.44441,                0.89602,               0.004951,               0.004951,               0.004951
                    104,                0.62274,                0.90672,                0.39888,                0.86702,                 0.8867,                0.77304,                0.82003,                0.67836,                0.88395,                0.75045,                0.80591,                0.61237,                0.65671,                    nan,                0.44517,                0.89617,              0.0049015,              0.0049015,              0.0049015
                    105,                0.62389,                 0.9029,                0.39897,                0.86657,                0.88387,                0.77503,                0.82007,                0.67858,                0.88529,                0.75045,                0.80677,                0.61189,                0.65662,                    nan,                0.44427,                0.89483,               0.004852,               0.004852,               0.004852
                    106,                0.62017,                0.89721,                0.39872,                0.86574,                 0.8935,                0.76802,                0.82005,                0.67902,                0.88872,                0.74794,                 0.8087,                0.61245,                0.65535,                    nan,                0.44357,                0.89497,              0.0048025,              0.0048025,              0.0048025
                    107,                0.62158,                0.90053,                 0.3985,                0.86558,                0.89229,                0.77231,                0.82022,                0.67927,                0.88244,                0.75087,                0.80731,                 0.6133,                0.65518,                    nan,                0.44066,                0.89482,               0.004753,               0.004753,               0.004753
                    108,                0.61413,                 0.8879,                0.39351,                0.86185,                0.89185,                0.77172,                0.82006,                0.67965,                0.88092,                0.75327,                0.80787,                0.61349,                0.65414,                    nan,                0.43964,                0.89464,              0.0047035,              0.0047035,              0.0047035
                    109,                0.61257,                0.89474,                0.39235,                 0.8634,                0.88956,                0.77304,                0.82123,                 0.6806,                0.88511,                0.75045,                0.80879,                0.61497,                0.65337,                    nan,                0.43933,                0.89397,               0.004654,               0.004654,               0.004654
                    110,                0.61156,                0.88128,                0.39062,                0.86448,                0.88602,                0.77375,                0.82193,                0.68137,                0.88278,                0.75009,                0.80905,                0.61499,                0.65406,                    nan,                0.43826,                0.89489,              0.0046045,              0.0046045,              0.0046045
                    111,                0.61331,                0.88496,                0.39419,                0.86404,                 0.8834,                0.77962,                0.82158,                0.68092,                0.87274,                0.75905,                0.80857,                0.61593,                0.65366,                    nan,                0.43719,                0.89443,               0.004555,               0.004555,               0.004555
                    112,                0.60857,                0.88007,                0.39123,                0.86334,                0.88342,                0.77985,                0.82181,                0.68084,                0.87075,                0.76085,                0.80953,                0.61723,                0.65228,                    nan,                0.43559,                0.89416,              0.0045055,              0.0045055,              0.0045055
                    113,                0.60546,                 0.8806,                0.38853,                0.86286,                0.88902,                0.77842,                0.82216,                0.68205,                0.87439,                0.75879,                0.81079,                 0.6168,                0.65069,                    nan,                0.43481,                0.89303,               0.004456,               0.004456,               0.004456
                    114,                0.60974,                0.87877,                0.39038,                0.86304,                 0.8916,                0.77565,                0.82178,                0.68271,                 0.8769,                0.75869,                0.81151,                0.61723,                0.64982,                    nan,                0.43383,                0.89283,              0.0044065,              0.0044065,              0.0044065
                    115,                0.60651,                0.87885,                0.38666,                0.86226,                0.88789,                0.77806,                 0.8218,                0.68284,                0.87341,                0.76194,                0.81197,                0.61764,                0.65005,                    nan,                0.43247,                0.89293,               0.004357,               0.004357,               0.004357
                    116,                0.60345,                0.87253,                0.38442,                0.86201,                0.88995,                0.77705,                0.82156,                0.68248,                 0.8822,                0.75722,                0.81039,                0.61742,                 0.6503,                    nan,                0.43349,                0.89314,              0.0043075,              0.0043075,              0.0043075
                    117,                0.60548,                 0.8798,                 0.3873,                0.86175,                0.88862,                0.77805,                0.82126,                0.68219,                0.87823,                0.75869,                0.80978,                0.61766,                0.64966,                    nan,                0.43209,                 0.8937,               0.004258,               0.004258,               0.004258
                    118,                0.60421,                0.86282,                0.38502,                0.86163,                0.88761,                0.77877,                0.82147,                 0.6831,                0.87821,                0.75977,                0.81056,                0.61798,                  0.649,                    nan,                0.43161,                 0.8934,              0.0042085,              0.0042085,              0.0042085
                    119,                0.60369,                0.87187,                0.38452,                0.85997,                0.89142,                0.77698,                0.82187,                0.68308,                0.88185,                0.75726,                0.80991,                0.61794,                0.64947,                    nan,                0.43136,                0.89363,               0.004159,               0.004159,               0.004159
                    120,                0.60241,                0.86838,                0.38241,                0.85847,                 0.8899,                0.77555,                0.82136,                0.68302,                0.88769,                0.75475,                0.80931,                0.61845,                0.64944,                    nan,                0.43152,                0.89368,              0.0041095,              0.0041095,              0.0041095
                    121,                0.59974,                0.86675,                0.38132,                0.85926,                0.88769,                0.77626,                0.82141,                0.68287,                0.88648,                0.75403,                0.80956,                0.61828,                0.64891,                    nan,                0.43123,                0.89327,                0.00406,                0.00406,                0.00406
                    122,                0.59283,                 0.8517,                0.37744,                0.85782,                 0.8849,                0.77734,                0.82119,                0.68282,                0.89313,                0.74616,                0.80909,                0.61889,                0.64863,                    nan,                0.43153,                0.89311,              0.0040105,              0.0040105,              0.0040105
                    123,                0.59687,                0.86234,                0.37978,                0.85838,                0.88399,                0.77734,                 0.8216,                 0.6833,                0.89597,                0.74579,                0.80889,                0.61913,                0.64793,                    nan,                0.43101,                0.89263,               0.003961,               0.003961,               0.003961
                    124,                0.59327,                 0.8577,                0.37513,                0.85681,                0.88613,                 0.7777,                 0.8215,                0.68353,                 0.8961,                0.74686,                0.80814,                0.61959,                 0.6467,                    nan,                0.42998,                0.89192,              0.0039115,              0.0039115,              0.0039115
                    125,                 0.5989,                0.85899,                0.37965,                0.85982,                0.88428,                0.77806,                0.82246,                0.68426,                0.89799,                0.74486,                0.80788,                0.61964,                0.64572,                    nan,                0.42988,                0.89145,               0.003862,               0.003862,               0.003862
                    126,                0.59199,                0.85412,                0.37588,                0.85835,                0.88811,                 0.7777,                0.82213,                0.68471,                0.89339,                0.74866,                 0.8082,                0.62069,                0.64563,                    nan,                0.42907,                 0.8911,              0.0038125,              0.0038125,              0.0038125
                    127,                 0.5922,                0.85448,                0.37703,                0.85724,                0.89096,                0.77591,                0.82212,                0.68497,                0.89047,                0.75209,                0.80877,                 0.6214,                0.64523,                    nan,                0.42813,                 0.8911,               0.003763,               0.003763,               0.003763
                    128,                0.59092,                0.85292,                0.37544,                0.85641,                0.89565,                0.77248,                0.82265,                0.68531,                0.89321,                0.75045,                0.80888,                0.62158,                0.64494,                    nan,                0.42779,                0.89106,              0.0037135,              0.0037135,              0.0037135
                    129,                0.59151,                 0.8496,                0.37468,                0.85716,                0.89257,                0.77453,                0.82324,                0.68495,                0.89775,                 0.7492,                0.80878,                0.62214,                0.64485,                    nan,                0.42745,                0.89098,               0.003664,               0.003664,               0.003664
                    130,                0.58364,                0.84116,                0.37189,                0.85712,                0.89413,                0.77522,                0.82355,                0.68521,                0.89901,                 0.7501,                0.80914,                0.62197,                 0.6443,                    nan,                0.42719,                0.89076,              0.0036145,              0.0036145,              0.0036145
                    131,                0.58583,                0.84843,                0.37218,                0.85629,                0.89311,                0.77593,                0.82485,                0.68606,                0.89789,                0.75081,                0.80977,                 0.6221,                0.64406,                    nan,                0.42644,                0.89067,               0.003565,               0.003565,               0.003565
                    132,                0.57937,                0.84204,                0.36878,                0.85483,                0.89243,                0.77638,                0.82484,                0.68605,                 0.8947,                0.75251,                0.81011,                0.62236,                0.64355,                    nan,                0.42594,                0.89032,              0.0035155,              0.0035155,              0.0035155
                    133,                0.58339,                0.84204,                0.36802,                0.85668,                0.89414,                0.77591,                0.82463,                0.68546,                0.89072,                0.75401,                0.80848,                0.62252,                0.64313,                    nan,                0.42619,                0.88996,               0.003466,               0.003466,               0.003466
                    134,                0.57814,                 0.8315,                0.36694,                 0.8548,                0.89482,                0.77519,                0.82481,                0.68619,                0.89507,                0.75152,                0.80943,                0.62317,                0.64309,                    nan,                0.42604,                 0.8899,              0.0034165,              0.0034165,              0.0034165
                    135,                0.57816,                0.82993,                0.36754,                0.85485,                0.89349,                0.77598,                0.82391,                0.68586,                 0.8962,                0.75117,                0.80986,                0.62312,                0.64286,                    nan,                0.42623,                0.88973,               0.003367,               0.003367,               0.003367
                    136,                0.57837,                 0.8298,                0.36576,                 0.8541,                0.89123,                0.77734,                0.82439,                0.68594,                0.89363,                0.75305,                0.81001,                0.62276,                0.64283,                    nan,                0.42593,                0.88972,              0.0033175,              0.0033175,              0.0033175
                    137,                 0.5769,                0.83207,                0.36585,                0.85449,                0.88833,                0.78057,                0.82508,                0.68643,                0.89965,                0.74901,                0.81069,                0.62354,                 0.6428,                    nan,                0.42598,                0.88961,               0.003268,               0.003268,               0.003268
                    138,                0.57104,                0.83167,                0.36202,                0.85392,                0.88839,                  0.782,                0.82527,                0.68662,                0.89989,                0.74937,                0.81067,                0.62337,                0.64235,                    nan,                0.42518,                 0.8894,              0.0032185,              0.0032185,              0.0032185
                    139,                0.56757,                0.81759,                0.35907,                0.85346,                0.88932,                0.78077,                0.82536,                0.68661,                 0.8946,                0.75471,                0.81074,                0.62392,                0.64237,                    nan,                0.42442,                0.88943,               0.003169,               0.003169,               0.003169
                    140,                0.57249,                0.82915,                0.36145,                0.85231,                0.88948,                  0.782,                0.82557,                0.68625,                0.89727,                0.75159,                0.81118,                0.62414,                0.64201,                    nan,                0.42355,                 0.8894,              0.0031195,              0.0031195,              0.0031195
                    141,                0.56984,                0.82558,                0.35913,                0.85205,                0.88915,                0.78224,                0.82636,                0.68588,                0.89699,                0.75368,                0.81122,                0.62423,                0.64191,                    nan,                0.42383,                0.88913,                0.00307,                0.00307,                0.00307
                    142,                0.56859,                0.81039,                0.35997,                0.85277,                0.88981,                0.78308,                0.82661,                0.68664,                0.89578,                0.75583,                0.81085,                0.62387,                 0.6415,                    nan,                0.42304,                0.88906,              0.0030205,              0.0030205,              0.0030205
                    143,                0.56916,                0.81984,                0.35782,                0.85024,                0.88924,                0.78295,                0.82686,                 0.6867,                0.89494,                0.75583,                0.81067,                0.62419,                0.64146,                    nan,                 0.4226,                0.88919,               0.002971,               0.002971,               0.002971
                    144,                0.56448,                0.80957,                 0.3556,                 0.8517,                0.88998,                0.78314,                0.82653,                0.68712,                0.89149,                 0.7569,                0.81068,                0.62456,                0.64115,                    nan,                 0.4226,                0.88906,              0.0029215,              0.0029215,              0.0029215
                    145,                0.56581,                0.81733,                0.35684,                 0.8516,                  0.896,                0.77848,                0.82649,                0.68762,                0.89342,                0.75619,                0.81122,                0.62479,                0.64116,                    nan,                0.42178,                0.88918,               0.002872,               0.002872,               0.002872
                    146,                0.56279,                 0.8124,                0.35569,                0.84974,                0.89076,                0.78062,                0.82653,                0.68804,                0.89371,                0.75675,                0.81136,                0.62503,                0.64108,                    nan,                0.42156,                0.88893,              0.0028225,              0.0028225,              0.0028225
                    147,                0.56085,                0.81246,                0.35311,                0.84867,                0.89629,                0.77806,                 0.8256,                0.68746,                 0.8971,                0.75338,                0.81108,                0.62513,                0.64077,                    nan,                0.42124,                0.88895,               0.002773,               0.002773,               0.002773
                    148,                0.56187,                0.80579,                0.35245,                0.84966,                 0.8979,                0.77806,                0.82594,                0.68819,                0.89784,                0.75368,                0.81112,                0.62582,                0.64043,                    nan,                0.42104,                0.88871,              0.0027235,              0.0027235,              0.0027235
                    149,                0.55621,                0.79888,                0.35146,                0.84807,                0.89655,                0.77688,                0.82642,                0.68863,                0.89943,                0.75009,                0.81058,                0.62656,                0.64005,                    nan,                0.42036,                0.88855,               0.002674,               0.002674,               0.002674
                    150,                 0.5563,                0.80435,                0.35214,                0.85067,                0.89642,                0.77806,                 0.8262,                0.68893,                0.89962,                0.75195,                0.81032,                0.62633,                0.64027,                    nan,                0.41949,                 0.8887,              0.0026245,              0.0026245,              0.0026245
                    151,                0.55479,                0.79395,                0.34955,                0.84848,                0.89895,                0.77831,                0.82632,                0.68912,                 0.9009,                0.74965,                 0.8102,                0.62648,                0.63999,                    nan,                0.41984,                0.88895,               0.002575,               0.002575,               0.002575
                    152,                0.55664,                0.79937,                0.34937,                0.84861,                0.89965,                0.77788,                0.82547,                0.68982,                0.90029,                0.74973,                0.81042,                0.62609,                 0.6397,                    nan,                0.41982,                0.88899,              0.0025255,              0.0025255,              0.0025255
                    153,                0.55329,                0.79889,                0.34769,                0.84856,                0.90064,                0.77674,                0.82577,                0.68934,                0.90073,                0.75009,                 0.8105,                0.62664,                0.63947,                    nan,                0.41884,                0.88891,               0.002476,               0.002476,               0.002476
                    154,                0.54799,                0.78882,                0.34419,                0.84691,                0.89445,                0.78128,                0.82577,                0.68962,                0.90135,                0.75017,                0.81153,                0.62725,                0.63908,                    nan,                0.41833,                0.88888,              0.0024265,              0.0024265,              0.0024265
                    155,                0.55049,                0.79211,                0.34472,                0.84702,                 0.8942,                0.78183,                0.82574,                0.68997,                0.90219,                0.75075,                0.81151,                0.62734,                0.63853,                    nan,                0.41807,                 0.8886,               0.002377,               0.002377,               0.002377
                    156,                0.54663,                0.79081,                0.34392,                0.84706,                0.89442,                0.78063,                0.82574,                0.68987,                0.90268,                0.75045,                0.81172,                0.62824,                0.63865,                    nan,                0.41757,                0.88872,              0.0023275,              0.0023275,              0.0023275
                    157,                0.54688,                0.78571,                0.34387,                0.84657,                0.90013,                0.77591,                0.82578,                0.69091,                0.90042,                0.75188,                0.81239,                0.62886,                0.63879,                    nan,                0.41676,                0.88873,               0.002278,               0.002278,               0.002278
                    158,                0.54439,                0.78575,                0.34226,                0.84705,                0.88887,                0.78523,                0.82595,                0.69125,                 0.9027,                0.75081,                0.81178,                0.62843,                0.63834,                    nan,                0.41691,                0.88849,              0.0022285,              0.0022285,              0.0022285
                    159,                0.54028,                0.78222,                0.33887,                0.84615,                0.88816,                0.78487,                0.82642,                0.69132,                0.90414,                0.75076,                0.81227,                0.62861,                0.63844,                    nan,                0.41623,                0.88857,               0.002179,               0.002179,               0.002179
                    160,                0.53937,                0.77642,                0.33859,                0.84661,                0.88866,                0.78523,                0.82652,                0.69152,                0.90236,                0.75218,                  0.812,                0.62834,                0.63805,                    nan,                0.41582,                 0.8884,              0.0021295,              0.0021295,              0.0021295
                    161,                0.54025,                0.78038,                0.33816,                0.84509,                0.89194,                0.78272,                0.82719,                0.69139,                0.90131,                0.75296,                0.81234,                 0.6282,                0.63788,                    nan,                0.41555,                0.88783,                0.00208,                0.00208,                0.00208
                    162,                0.54343,                0.78244,                0.34038,                0.84605,                0.89075,                0.78349,                0.82722,                 0.6922,                0.90016,                 0.7526,                0.81327,                0.62871,                0.63748,                    nan,                 0.4154,                0.88764,              0.0020305,              0.0020305,              0.0020305
                    163,                0.54112,                0.77557,                0.33926,                0.84422,                0.89153,                0.78308,                0.82657,                0.69231,                0.90321,                0.75117,                0.81384,                0.62905,                0.63701,                    nan,                0.41511,                0.88748,               0.001981,               0.001981,               0.001981
                    164,                0.53688,                0.77518,                0.33609,                0.84428,                0.89098,                0.78308,                0.82682,                0.69273,                0.90149,                0.75138,                0.81433,                0.62954,                0.63697,                    nan,                0.41533,                0.88746,              0.0019315,              0.0019315,              0.0019315
                    165,                0.53819,                0.77603,                0.33655,                0.84534,                0.89305,                0.78308,                0.82707,                0.69249,                0.90152,                0.75163,                0.81405,                0.62937,                0.63677,                    nan,                0.41486,                0.88737,               0.001882,               0.001882,               0.001882
                    166,                 0.5376,                0.77266,                0.33524,                 0.8443,                0.89568,                0.78195,                0.82742,                0.69318,                0.90604,                0.75023,                0.81425,                0.62962,                0.63699,                    nan,                0.41471,                0.88753,              0.0018325,              0.0018325,              0.0018325
                    167,                0.53353,                0.77177,                0.33484,                0.84427,                0.89446,                0.78272,                0.82784,                0.69323,                0.90598,                0.74937,                0.81457,                0.63003,                0.63677,                    nan,                0.41378,                0.88751,               0.001783,               0.001783,               0.001783
                    168,                 0.5303,                0.76765,                0.33123,                0.84309,                0.89583,                0.78317,                0.82824,                0.69332,                0.90403,                0.75188,                0.81429,                0.62941,                0.63652,                    nan,                0.41318,                0.88739,              0.0017335,              0.0017335,              0.0017335
                    169,                0.53235,                0.76743,                 0.3326,                0.84316,                0.89526,                0.78415,                0.82853,                0.69366,                0.90285,                0.75224,                0.81511,                0.62994,                0.63662,                    nan,                0.41305,                0.88751,               0.001684,               0.001684,               0.001684
                    170,                0.52903,                0.75776,                0.32936,                0.84165,                0.89561,                0.78444,                0.82879,                0.69329,                0.89985,                0.75798,                0.81596,                0.62965,                0.63669,                    nan,                0.41296,                0.88759,              0.0016345,              0.0016345,              0.0016345
                    171,                0.52892,                0.76943,                 0.3304,                 0.8432,                0.89638,                0.78471,                0.82878,                0.69362,                0.89986,                0.75719,                0.81525,                0.63029,                0.63665,                    nan,                0.41231,                0.88739,               0.001585,               0.001585,               0.001585
                    172,                0.52664,                0.75949,                0.32919,                0.84153,                0.89532,                0.78506,                0.82893,                0.69387,                 0.8991,                0.75762,                 0.8153,                 0.6302,                0.63658,                    nan,                0.41177,                0.88724,              0.0015355,              0.0015355,              0.0015355
                    173,                0.52525,                0.75333,                0.32697,                0.84119,                0.89466,                0.78523,                0.82935,                0.69405,                 0.8984,                0.75798,                0.81585,                0.63036,                0.63648,                    nan,                0.41173,                0.88714,               0.001486,               0.001486,               0.001486
                    174,                0.52302,                0.75129,                 0.3264,                0.84117,                0.89138,                0.78953,                0.82972,                0.69436,                0.89865,                0.75762,                0.81578,                0.63029,                0.63674,                    nan,                0.41166,                0.88719,              0.0014365,              0.0014365,              0.0014365
                    175,                0.52192,                0.75423,                0.32632,                0.84107,                0.89089,                0.78953,                   0.83,                0.69448,                 0.8996,                0.75823,                0.81703,                 0.6308,                0.63669,                    nan,                0.41133,                0.88711,               0.001387,               0.001387,               0.001387
                    176,                0.52607,                0.75242,                0.32701,                 0.8432,                0.89205,                0.78917,                0.82985,                0.69454,                0.89985,                0.75798,                0.81637,                0.63154,                0.63633,                    nan,                0.41146,                0.88688,              0.0013375,              0.0013375,              0.0013375
                    177,                0.52077,                0.74759,                0.32458,                 0.8403,                0.89254,                0.78917,                0.83034,                0.69443,                0.89902,                 0.7569,                 0.8162,                0.63141,                0.63581,                    nan,                0.41084,                0.88634,               0.001288,               0.001288,               0.001288
                    178,                0.52055,                0.74187,                0.32455,                   0.84,                0.89253,                0.78907,                0.83049,                0.69473,                0.89908,                0.75726,                0.81697,                0.63177,                0.63605,                    nan,                0.41177,                 0.8866,              0.0012385,              0.0012385,              0.0012385
                    179,                0.52035,                0.74785,                0.32314,                0.84003,                0.89331,                0.78954,                 0.8305,                0.69481,                0.89905,                0.75726,                 0.8163,                 0.6318,                 0.6352,                    nan,                0.41139,                0.88619,               0.001189,               0.001189,               0.001189
                    180,                0.51271,                0.73997,                0.31814,                0.83957,                 0.8941,                0.79013,                0.83052,                0.69514,                0.89928,                 0.7569,                0.81612,                0.63224,                0.63512,                    nan,                0.41094,                0.88632,              0.0011395,              0.0011395,              0.0011395
                    181,                0.51521,                0.74261,                0.31982,                0.83908,                0.89206,                0.79025,                0.83122,                0.69566,                0.89938,                0.75726,                0.81649,                0.63228,                0.63501,                    nan,                0.41069,                0.88632,                0.00109,                0.00109,                0.00109
                    182,                0.51182,                0.73805,                 0.3182,                0.84021,                0.89325,                0.79025,                0.83137,                0.69603,                0.89947,                0.75762,                0.81669,                0.63192,                0.63508,                    nan,                0.41014,                0.88644,              0.0010405,              0.0010405,              0.0010405
                    183,                0.50958,                0.73362,                0.31642,                 0.8392,                0.89428,                0.79096,                0.83199,                 0.6964,                0.89866,                0.75994,                0.81719,                 0.6326,                 0.6348,                    nan,                0.40932,                0.88633,               0.000991,               0.000991,               0.000991
                    184,                0.51177,                0.73966,                0.31816,                0.83878,                0.89282,                0.79153,                0.83222,                0.69665,                0.89801,                0.75768,                0.81646,                0.63256,                0.63456,                    nan,                0.40948,                0.88631,              0.0009415,              0.0009415,              0.0009415
                    185,                 0.5081,                0.73611,                0.31643,                0.83829,                0.89261,                0.79276,                0.83173,                0.69698,                0.89909,                0.76029,                0.81748,                0.63321,                0.63457,                    nan,                0.40938,                0.88635,               0.000892,               0.000892,               0.000892
                    186,                0.50709,                0.73456,                0.31499,                 0.8403,                0.89368,                0.79266,                0.83139,                0.69698,                0.89816,                0.75894,                 0.8169,                0.63342,                0.63467,                    nan,                0.40953,                0.88621,              0.0008425,              0.0008425,              0.0008425
                    187,                 0.5065,                  0.731,                0.31427,                 0.8375,                0.89337,                0.79302,                0.83202,                0.69782,                0.89841,                0.75905,                0.81744,                0.63351,                0.63448,                    nan,                0.40921,                0.88606,               0.000793,               0.000793,               0.000793
                    188,                0.50453,                0.72593,                0.31372,                0.83687,                0.89608,                0.79204,                0.83224,                 0.6974,                0.89949,                0.75729,                0.81715,                0.63375,                0.63446,                    nan,                0.40916,                0.88601,              0.0007435,              0.0007435,              0.0007435
                    189,                0.50554,                0.73371,                0.31605,                0.83818,                0.89475,                0.79383,                0.83224,                 0.6978,                 0.8995,                0.75735,                0.81726,                0.63428,                0.63457,                    nan,                0.40891,                0.88598,               0.000694,               0.000694,               0.000694
                    190,                0.48732,                0.67976,                 0.2944,                0.82475,                0.89549,                 0.7926,                 0.8319,                0.69832,                0.89784,                0.75626,                 0.8162,                0.63411,                0.63436,                    nan,                0.40897,                0.88581,              0.0006445,              0.0006445,              0.0006445
                    191,                0.47785,                0.66907,                0.28703,                0.82359,                0.89385,                0.79402,                0.83233,                0.69831,                 0.9006,                0.75726,                0.81669,                0.63414,                0.63408,                    nan,                0.40864,                0.88537,               0.000595,               0.000595,               0.000595
                    192,                0.47576,                0.66213,                0.28473,                0.82291,                0.89524,                0.79361,                0.83239,                0.69863,                0.90099,                0.75693,                0.81748,                0.63443,                0.63355,                    nan,                0.40898,                0.88525,              0.0005455,              0.0005455,              0.0005455
                    193,                0.46946,                0.66246,                0.28237,                0.82281,                0.89665,                0.79132,                0.83321,                0.69892,                0.90083,                0.75977,                 0.8181,                0.63427,                0.63325,                    nan,                0.40865,                0.88483,               0.000496,               0.000496,               0.000496
                    194,                0.47035,                0.65252,                0.28211,                0.82265,                0.89647,                0.79276,                0.83279,                0.69896,                0.89922,                0.75905,                0.81802,                0.63529,                0.63272,                    nan,                0.40861,                0.88462,              0.0004465,              0.0004465,              0.0004465
                    195,                0.46399,                 0.6505,                0.27983,                0.82111,                0.89858,                  0.791,                 0.8335,                0.69921,                0.90226,                  0.758,                0.81808,                0.63529,                0.63241,                    nan,                0.40861,                0.88449,               0.000397,               0.000397,               0.000397
                    196,                0.46251,                0.64631,                0.27721,                0.81947,                0.89944,                0.79025,                0.83371,                0.69923,                0.89973,                0.75928,                0.81759,                0.63505,                0.63191,                    nan,                0.40818,                0.88428,              0.0003475,              0.0003475,              0.0003475
                    197,                0.46178,                0.64749,                0.27692,                0.82033,                0.90043,                0.78953,                0.83381,                0.69983,                0.89988,                0.76059,                0.81903,                0.63563,                0.63185,                    nan,                 0.4078,                0.88439,               0.000298,               0.000298,               0.000298
                    198,                0.46068,                0.64323,                0.27608,                0.81999,                0.89968,                0.79096,                0.83423,                0.70025,                0.90052,                0.76013,                0.81921,                0.63591,                0.63178,                    nan,                 0.4075,                0.88433,              0.0002485,              0.0002485,              0.0002485
                    199,                 0.4579,                0.63885,                0.27519,                0.81999,                0.89904,                0.79096,                0.83448,                0.70029,                0.90084,                0.75941,                0.81905,                0.63611,                0.63123,                    nan,                0.40716,                0.88392,               0.000199,               0.000199,               0.000199
